phase,mean_rms,mean_thetaP,mean_hjorth_activity,mean_totalP_0p5_40
baseline,38.926976407094536,93.5783044102482,1732.743711189139,696.8902745771815
preictal,39.56770756159188,85.79607164751452,1789.889477562613,686.8555029920105
ictal,119.49724600794156,1057.8764332251133,15469.017885235948,6918.016185934763
