{
  "CI":0.432031911,
  "CI_rank":0.5688257267,
  "CI_topk":0.2952380952,
  "alpha":0.5
}