{
  "CI":0.4066350105,
  "CI_rank":0.5483127561,
  "CI_topk":0.264957265,
  "alpha":0.5
}