P,E_star,I_star,eig1_real,eig1_imag,eig2_real,eig2_imag,max_real_eig,stable
1.6,0.14225205813952457,0.06660416123650684,-0.007196239455581427,0.597614934065618,-0.007196239455581427,-0.597614934065618,-0.007196239455581427,True
2.8000000000000003,0.33619619141272505,0.2938566356870971,0.00847573950870728,1.390627906629609,0.00847573950870728,-1.390627906629609,0.00847573950870728,False
2.84,0.34116339559818126,0.30045278626626026,-0.011096366186160528,1.3899126279316791,-0.011096366186160528,-1.3899126279316791,-0.011096366186160528,True
2.7600000000000002,0.3312229024197797,0.28720578089114035,0.02686746883804647,1.3897272235412779,0.02686746883804647,-1.3897272235412779,0.02686746883804647,False
1.6400000000000001,0.15416898447434957,0.07582095602942646,0.031670043657929345,0.6557131389979114,0.031670043657929345,-0.6557131389979114,0.031670043657929345,False
2.88,0.34612686572528945,0.30699061141707634,-0.031881243357917866,1.3875752201570808,-0.031881243357917866,-1.3875752201570808,-0.031881243357917866,True
